-- phpMyAdmin SQL Dump
-- version 4.6.4
-- https://www.phpmyadmin.net/
--
-- Host: 127.0.0.1
-- Generation Time: Oct 10, 2018 at 07:44 AM
-- Server version: 5.7.14
-- PHP Version: 5.6.25

SET SQL_MODE = "NO_AUTO_VALUE_ON_ZERO";
SET time_zone = "+00:00";


/*!40101 SET @OLD_CHARACTER_SET_CLIENT=@@CHARACTER_SET_CLIENT */;
/*!40101 SET @OLD_CHARACTER_SET_RESULTS=@@CHARACTER_SET_RESULTS */;
/*!40101 SET @OLD_COLLATION_CONNECTION=@@COLLATION_CONNECTION */;
/*!40101 SET NAMES utf8mb4 */;

--
-- Database: `cartapplication`
--

-- --------------------------------------------------------

--
-- Table structure for table `1_orders`
--
USE `cartapplication`;

CREATE TABLE `1_orders` (
  `id` int(20) NOT NULL,
  `customer_id` int(11) NOT NULL,
  `total_price` float(10,2) NOT NULL,
  `created` datetime NOT NULL,
  `modified` datetime NOT NULL,
  `status` enum('1','0') COLLATE utf8_unicode_ci NOT NULL DEFAULT '1',
  `paymenttype` varchar(30) COLLATE utf8_unicode_ci NOT NULL
) ENGINE=InnoDB DEFAULT CHARSET=utf8 COLLATE=utf8_unicode_ci;

--
-- Dumping data for table `1_orders`
--

INSERT INTO `1_orders` (`id`, `customer_id`, `total_price`, `created`, `modified`, `status`, `paymenttype`) VALUES
(153, 1, 2999.00, '2018-09-25 00:00:00', '2018-09-25 00:00:00', '1', 'api offline payment'),
(154, 1, 2999.00, '2018-09-25 00:00:00', '2018-09-25 00:00:00', '1', 'api offline payment'),
(155, 1, 2999.00, '2018-09-25 00:00:00', '2018-09-25 00:00:00', '1', 'api offline payment'),
(156, 1, 2999.00, '2018-09-25 00:00:00', '2018-09-25 00:00:00', '1', 'api offline payment'),
(157, 1, 2999.00, '2018-09-25 00:00:00', '2018-09-25 00:00:00', '1', 'api offline payment'),
(158, 1, 2999.00, '2018-09-25 00:00:00', '2018-09-25 00:00:00', '1', 'api offline payment'),
(159, 1, 2999.00, '2018-09-25 00:00:00', '2018-09-25 00:00:00', '1', 'api offline payment'),
(160, 1, 2999.00, '2018-09-25 00:00:00', '2018-09-25 00:00:00', '1', 'api offline payment'),
(161, 1, 2999.00, '2018-09-25 00:00:00', '2018-09-25 00:00:00', '1', 'api offline payment'),
(162, 1, 2999.00, '2018-09-25 00:00:00', '2018-09-25 00:00:00', '1', 'api offline payment'),
(163, 1, 2999.00, '2018-09-25 00:00:00', '2018-09-25 00:00:00', '1', 'api offline payment'),
(164, 1, 2999.00, '2018-09-25 00:00:00', '2018-09-25 00:00:00', '1', 'api offline payment'),
(165, 1, 2999.00, '2018-09-25 00:00:00', '2018-09-25 00:00:00', '1', 'api offline payment'),
(166, 1, 2999.00, '2018-09-25 00:00:00', '2018-09-25 00:00:00', '1', 'api offline payment'),
(167, 1, 2999.00, '2018-09-25 00:00:00', '2018-09-25 00:00:00', '1', 'api offline payment'),
(168, 1, 2999.00, '2018-09-25 00:00:00', '2018-09-25 00:00:00', '1', 'api offline payment'),
(169, 1, 2999.00, '2018-09-25 00:00:00', '2018-09-25 00:00:00', '1', 'api offline payment'),
(170, 1, 2999.00, '2018-09-25 00:00:00', '2018-09-25 00:00:00', '1', 'api offline payment'),
(171, 1, 2999.00, '2018-09-25 00:00:00', '2018-09-25 00:00:00', '1', 'api offline payment'),
(172, 1, 2999.00, '2018-09-25 00:00:00', '2018-09-25 00:00:00', '1', 'api offline payment'),
(173, 1, 2999.00, '2018-09-25 00:00:00', '2018-09-25 00:00:00', '1', 'api offline payment'),
(174, 1, 2999.00, '2018-09-25 00:00:00', '2018-09-25 00:00:00', '1', 'api offline payment'),
(175, 1, 2999.00, '2018-09-25 00:00:00', '2018-09-25 00:00:00', '1', 'api offline payment'),
(176, 1, 2999.00, '2018-09-25 00:00:00', '2018-09-25 00:00:00', '1', 'api offline payment'),
(177, 1, 2999.00, '2018-09-25 00:00:00', '2018-09-25 00:00:00', '1', 'api offline payment'),
(178, 1, 2999.00, '2018-09-25 00:00:00', '2018-09-25 00:00:00', '1', 'api offline payment'),
(179, 1, 2999.00, '2018-09-25 00:00:00', '2018-09-25 00:00:00', '1', 'api offline payment'),
(180, 1, 2999.00, '2018-09-25 00:00:00', '2018-09-25 00:00:00', '1', 'api offline payment'),
(181, 1, 2999.00, '2018-09-25 00:00:00', '2018-09-25 00:00:00', '1', 'api offline payment'),
(182, 1, 2999.00, '2018-09-25 00:00:00', '2018-09-25 00:00:00', '1', 'api offline payment'),
(183, 1, 2999.00, '2018-09-25 00:00:00', '2018-09-25 00:00:00', '1', 'api offline payment'),
(184, 1, 2999.00, '2018-09-25 00:00:00', '2018-09-25 00:00:00', '1', 'api offline payment'),
(185, 1, 2999.00, '2018-09-25 00:00:00', '2018-09-25 00:00:00', '1', 'api offline payment'),
(186, 1, 2999.00, '2018-09-25 00:00:00', '2018-09-25 00:00:00', '1', 'api offline payment'),
(187, 1, 2999.00, '2018-09-25 00:00:00', '2018-09-25 00:00:00', '1', 'api offline payment'),
(188, 1, 2999.00, '2018-09-25 00:00:00', '2018-09-25 00:00:00', '1', 'api offline payment'),
(189, 1, 2999.00, '2018-09-25 00:00:00', '2018-09-25 00:00:00', '1', 'api offline payment'),
(190, 1, 2999.00, '2018-09-25 00:00:00', '2018-09-25 00:00:00', '1', 'api offline payment'),
(191, 1, 2999.00, '2018-09-25 00:00:00', '2018-09-25 00:00:00', '1', 'api offline payment'),
(192, 1, 2999.00, '2018-09-25 00:00:00', '2018-09-25 00:00:00', '1', 'api offline payment'),
(193, 1, 2999.00, '2018-09-25 00:00:00', '2018-09-25 00:00:00', '1', 'api offline payment'),
(194, 1, 2999.00, '2018-09-25 00:00:00', '2018-09-25 00:00:00', '1', 'api offline payment'),
(195, 1, 2999.00, '2018-09-25 00:00:00', '2018-09-25 00:00:00', '1', 'api offline payment'),
(196, 1, 2999.00, '2018-09-25 00:00:00', '2018-09-25 00:00:00', '1', 'api offline payment'),
(197, 1, 2999.00, '2018-09-25 00:00:00', '2018-09-25 00:00:00', '1', 'api offline payment'),
(198, 1, 2999.00, '2018-09-25 00:00:00', '2018-09-25 00:00:00', '1', 'api offline payment'),
(199, 1, 2999.00, '2018-09-25 00:00:00', '2018-09-25 00:00:00', '1', 'api offline payment'),
(200, 1, 2999.00, '2018-09-25 00:00:00', '2018-09-25 00:00:00', '1', 'api offline payment'),
(201, 1, 2999.00, '2018-09-25 00:00:00', '2018-09-25 00:00:00', '1', 'api offline payment'),
(202, 1, 2999.00, '2018-09-25 00:00:00', '2018-09-25 00:00:00', '1', 'api offline payment'),
(203, 1, 2999.00, '2018-09-25 00:00:00', '2018-09-25 00:00:00', '1', 'api offline payment'),
(204, 1, 2999.00, '2018-09-25 00:00:00', '2018-09-25 00:00:00', '1', 'api offline payment'),
(205, 1, 2999.00, '2018-09-25 00:00:00', '2018-09-25 00:00:00', '1', 'api offline payment'),
(206, 1, 2999.00, '2018-09-25 00:00:00', '2018-09-25 00:00:00', '1', 'api offline payment'),
(207, 1, 2999.00, '2018-09-25 00:00:00', '2018-09-25 00:00:00', '1', 'api offline payment'),
(208, 1, 2999.00, '2018-09-25 00:00:00', '2018-09-25 00:00:00', '1', 'api offline payment'),
(209, 1, 2999.00, '2018-09-25 00:00:00', '2018-09-25 00:00:00', '1', 'api offline payment'),
(210, 1, 2999.00, '2018-09-25 00:00:00', '2018-09-25 00:00:00', '1', 'api offline payment'),
(211, 1, 2999.00, '2018-09-25 00:00:00', '2018-09-25 00:00:00', '1', 'api offline payment'),
(212, 1, 2999.00, '2018-09-25 00:00:00', '2018-09-25 00:00:00', '1', 'api offline payment'),
(213, 1, 2999.00, '2018-09-25 00:00:00', '2018-09-25 00:00:00', '1', 'api offline payment'),
(214, 1, 2999.00, '2018-09-25 00:00:00', '2018-09-25 00:00:00', '1', 'api offline payment'),
(215, 1, 2999.00, '2018-09-25 00:00:00', '2018-09-25 00:00:00', '1', 'api offline payment'),
(216, 1, 2999.00, '2018-09-25 00:00:00', '2018-09-25 00:00:00', '1', 'api offline payment'),
(217, 1, 2999.00, '2018-09-25 00:00:00', '2018-09-25 00:00:00', '1', 'api offline payment'),
(218, 1, 2999.00, '2018-09-25 00:00:00', '2018-09-25 00:00:00', '1', 'api offline payment'),
(219, 1, 2999.00, '2018-09-25 00:00:00', '2018-09-25 00:00:00', '1', 'api offline payment'),
(220, 1, 2999.00, '2018-09-25 00:00:00', '2018-09-25 00:00:00', '1', 'api offline payment'),
(221, 1, 2999.00, '2018-09-25 00:00:00', '2018-09-25 00:00:00', '1', 'api offline payment'),
(222, 1, 2999.00, '2018-09-25 00:00:00', '2018-09-25 00:00:00', '1', 'api offline payment'),
(223, 1, 2999.00, '2018-09-25 00:00:00', '2018-09-25 00:00:00', '1', 'api offline payment'),
(224, 1, 2999.00, '2018-09-25 00:00:00', '2018-09-25 00:00:00', '1', 'api offline payment'),
(225, 1, 2999.00, '2018-09-25 00:00:00', '2018-09-25 00:00:00', '1', 'api offline payment'),
(226, 1, 2999.00, '2018-09-25 00:00:00', '2018-09-25 00:00:00', '1', 'api offline payment'),
(227, 1, 2999.00, '2018-09-25 00:00:00', '2018-09-25 00:00:00', '1', 'api offline payment'),
(228, 1, 2999.00, '2018-09-25 00:00:00', '2018-09-25 00:00:00', '1', 'api offline payment'),
(229, 1, 2999.00, '2018-09-25 00:00:00', '2018-09-25 00:00:00', '1', 'api offline payment'),
(230, 1, 2999.00, '2018-09-25 00:00:00', '2018-09-25 00:00:00', '1', 'api offline payment'),
(231, 1, 2999.00, '2018-09-25 00:00:00', '2018-09-25 00:00:00', '1', 'api offline payment'),
(232, 1, 2999.00, '2018-09-25 00:00:00', '2018-09-25 00:00:00', '1', 'api offline payment'),
(233, 1, 2999.00, '2018-09-25 00:00:00', '2018-09-25 00:00:00', '1', 'api offline payment'),
(234, 1, 2999.00, '2018-09-25 00:00:00', '2018-09-25 00:00:00', '1', 'api offline payment'),
(235, 1, 2999.00, '2018-09-25 00:00:00', '2018-09-25 00:00:00', '1', 'api offline payment'),
(236, 1, 2999.00, '2018-09-25 00:00:00', '2018-09-25 00:00:00', '1', 'api offline payment'),
(237, 1, 2999.00, '2018-09-25 00:00:00', '2018-09-25 00:00:00', '1', 'api offline payment'),
(238, 1, 2999.00, '2018-09-25 00:00:00', '2018-09-25 00:00:00', '1', 'api offline payment'),
(239, 1, 2999.00, '2018-09-25 00:00:00', '2018-09-25 00:00:00', '1', 'api offline payment'),
(240, 1, 2999.00, '2018-09-25 00:00:00', '2018-09-25 00:00:00', '1', 'api offline payment'),
(241, 1, 2999.00, '2018-09-25 00:00:00', '2018-09-25 00:00:00', '1', 'api offline payment'),
(242, 1, 2999.00, '2018-09-25 00:00:00', '2018-09-25 00:00:00', '1', 'api offline payment'),
(243, 1, 2999.00, '2018-09-25 00:00:00', '2018-09-25 00:00:00', '1', 'api offline payment'),
(244, 1, 2999.00, '2018-09-25 00:00:00', '2018-09-25 00:00:00', '1', 'api offline payment'),
(245, 1, 2999.00, '2018-09-25 00:00:00', '2018-09-25 00:00:00', '1', 'api offline payment'),
(246, 1, 2999.00, '2018-09-25 00:00:00', '2018-09-25 00:00:00', '1', 'api offline payment'),
(247, 1, 2999.00, '2018-09-25 00:00:00', '2018-09-25 00:00:00', '1', 'api offline payment'),
(248, 1, 2999.00, '2018-09-25 00:00:00', '2018-09-25 00:00:00', '1', 'api offline payment'),
(249, 1, 999.00, '2018-09-25 00:00:00', '2018-09-25 00:00:00', '1', 'api offline payment'),
(250, 1, 2999.00, '2018-09-27 00:00:00', '2018-09-27 00:00:00', '1', 'api offline payment'),
(251, 1, 2999.00, '2018-09-27 00:00:00', '2018-09-27 00:00:00', '1', 'api offline payment'),
(252, 1, 2999.00, '2018-09-27 00:00:00', '2018-09-27 00:00:00', '1', 'api offline payment'),
(253, 1, 2999.00, '2018-09-27 00:00:00', '2018-09-27 00:00:00', '1', 'api offline payment'),
(254, 1, 2999.00, '2018-09-27 00:00:00', '2018-09-27 00:00:00', '1', 'api offline payment'),
(255, 1, 2999.00, '2018-09-27 00:00:00', '2018-09-27 00:00:00', '1', 'api offline payment'),
(256, 1, 2999.00, '2018-09-27 00:00:00', '2018-09-27 00:00:00', '1', 'api offline payment'),
(257, 1, 2999.00, '2018-09-27 00:00:00', '2018-09-27 00:00:00', '1', 'api offline payment'),
(258, 1, 2999.00, '2018-09-27 00:00:00', '2018-09-27 00:00:00', '1', 'api offline payment'),
(259, 1, 2999.00, '2018-09-27 00:00:00', '2018-09-27 00:00:00', '1', 'api offline payment'),
(260, 1, 2999.00, '2018-09-27 00:00:00', '2018-09-27 00:00:00', '1', 'api offline payment'),
(261, 1, 2999.00, '2018-09-27 00:00:00', '2018-09-27 00:00:00', '1', 'api offline payment'),
(262, 1, 2999.00, '2018-09-27 00:00:00', '2018-09-27 00:00:00', '1', 'api offline payment'),
(263, 1, 2999.00, '2018-09-27 00:00:00', '2018-09-27 00:00:00', '1', 'api offline payment'),
(264, 1, 2999.00, '2018-09-27 00:00:00', '2018-09-27 00:00:00', '1', 'api offline payment'),
(265, 1, 2999.00, '2018-09-27 00:00:00', '2018-09-27 00:00:00', '1', 'api offline payment'),
(266, 1, 2999.00, '2018-09-27 00:00:00', '2018-09-27 00:00:00', '1', 'api offline payment'),
(267, 1, 2999.00, '2018-09-27 00:00:00', '2018-09-27 00:00:00', '1', 'api offline payment'),
(268, 1, 2999.00, '2018-09-27 00:00:00', '2018-09-27 00:00:00', '1', 'api offline payment'),
(269, 1, 2999.00, '2018-09-27 00:00:00', '2018-09-27 00:00:00', '1', 'api offline payment'),
(270, 1, 2999.00, '2018-09-27 00:00:00', '2018-09-27 00:00:00', '1', 'api offline payment'),
(271, 1, 2999.00, '2018-09-27 00:00:00', '2018-09-27 00:00:00', '1', 'api offline payment'),
(272, 1, 2999.00, '2018-09-27 00:00:00', '2018-09-27 00:00:00', '1', 'api offline payment'),
(273, 1, 2999.00, '2018-09-27 00:00:00', '2018-09-27 00:00:00', '1', 'api offline payment'),
(274, 1, 2999.00, '2018-09-27 00:00:00', '2018-09-27 00:00:00', '1', 'api offline payment'),
(275, 1, 2999.00, '2018-09-27 00:00:00', '2018-09-27 00:00:00', '1', 'api offline payment'),
(276, 1, 2999.00, '2018-09-27 00:00:00', '2018-09-27 00:00:00', '1', 'api offline payment'),
(277, 1, 2999.00, '2018-09-27 00:00:00', '2018-09-27 00:00:00', '1', 'api offline payment'),
(278, 1, 2999.00, '2018-09-27 00:00:00', '2018-09-27 00:00:00', '1', 'api offline payment'),
(279, 1, 2999.00, '2018-09-27 00:00:00', '2018-09-27 00:00:00', '1', 'api offline payment'),
(280, 1, 2999.00, '2018-09-27 00:00:00', '2018-09-27 00:00:00', '1', 'api offline payment'),
(281, 1, 2999.00, '2018-09-27 00:00:00', '2018-09-27 00:00:00', '1', 'api offline payment'),
(282, 1, 2999.00, '2018-09-27 00:00:00', '2018-09-27 00:00:00', '1', 'api offline payment'),
(283, 1, 2999.00, '2018-09-27 00:00:00', '2018-09-27 00:00:00', '1', 'api offline payment'),
(284, 1, 2999.00, '2018-09-27 00:00:00', '2018-09-27 00:00:00', '1', 'api offline payment'),
(285, 1, 2999.00, '2018-09-27 00:00:00', '2018-09-27 00:00:00', '1', 'api offline payment'),
(286, 1, 2999.00, '2018-09-27 00:00:00', '2018-09-27 00:00:00', '1', 'api offline payment'),
(287, 1, 2999.00, '2018-09-27 00:00:00', '2018-09-27 00:00:00', '1', 'api offline payment'),
(288, 1, 2999.00, '2018-09-27 00:00:00', '2018-09-27 00:00:00', '1', 'api offline payment'),
(289, 1, 2999.00, '2018-09-27 00:00:00', '2018-09-27 00:00:00', '1', 'api offline payment'),
(290, 1, 2999.00, '2018-09-27 00:00:00', '2018-09-27 00:00:00', '1', 'api offline payment'),
(291, 1, 2999.00, '2018-09-27 00:00:00', '2018-09-27 00:00:00', '1', 'api offline payment'),
(292, 1, 2999.00, '2018-09-27 00:00:00', '2018-09-27 00:00:00', '1', 'api offline payment'),
(293, 1, 2999.00, '2018-09-27 00:00:00', '2018-09-27 00:00:00', '1', 'api offline payment'),
(294, 1, 2999.00, '2018-09-27 00:00:00', '2018-09-27 00:00:00', '1', 'api offline payment'),
(295, 1, 2999.00, '2018-09-27 00:00:00', '2018-09-27 00:00:00', '1', 'api offline payment'),
(296, 1, 2999.00, '2018-09-27 00:00:00', '2018-09-27 00:00:00', '1', 'api offline payment'),
(297, 1, 2999.00, '2018-09-27 00:00:00', '2018-09-27 00:00:00', '1', 'api offline payment'),
(298, 1, 2999.00, '2018-09-27 00:00:00', '2018-09-27 00:00:00', '1', 'api offline payment'),
(299, 1, 2999.00, '2018-09-27 00:00:00', '2018-09-27 00:00:00', '1', 'api offline payment'),
(300, 1, 2999.00, '2018-09-27 00:00:00', '2018-09-27 00:00:00', '1', 'api offline payment'),
(301, 1, 2999.00, '2018-09-27 00:00:00', '2018-09-27 00:00:00', '1', 'api offline payment'),
(302, 1, 2999.00, '2018-09-27 00:00:00', '2018-09-27 00:00:00', '1', 'api offline payment'),
(303, 1, 2999.00, '2018-09-27 00:00:00', '2018-09-27 00:00:00', '1', 'api offline payment'),
(304, 1, 2999.00, '2018-09-27 00:00:00', '2018-09-27 00:00:00', '1', 'api offline payment'),
(305, 1, 2999.00, '2018-09-27 00:00:00', '2018-09-27 00:00:00', '1', 'api offline payment'),
(306, 1, 2999.00, '2018-09-27 00:00:00', '2018-09-27 00:00:00', '1', 'api offline payment'),
(307, 1, 2999.00, '2018-09-27 00:00:00', '2018-09-27 00:00:00', '1', 'api offline payment'),
(308, 1, 2999.00, '2018-09-27 00:00:00', '2018-09-27 00:00:00', '1', 'api offline payment'),
(309, 1, 2999.00, '2018-09-27 00:00:00', '2018-09-27 00:00:00', '1', 'api offline payment'),
(310, 1, 2999.00, '2018-09-27 00:00:00', '2018-09-27 00:00:00', '1', 'api offline payment'),
(311, 1, 2999.00, '2018-09-27 00:00:00', '2018-09-27 00:00:00', '1', 'api offline payment'),
(312, 1, 2999.00, '2018-09-27 00:00:00', '2018-09-27 00:00:00', '1', 'api offline payment'),
(313, 1, 2999.00, '2018-09-27 00:00:00', '2018-09-27 00:00:00', '1', 'api offline payment'),
(314, 1, 2999.00, '2018-09-27 00:00:00', '2018-09-27 00:00:00', '1', 'api offline payment'),
(315, 1, 2999.00, '2018-09-27 00:00:00', '2018-09-27 00:00:00', '1', 'api offline payment'),
(316, 1, 2999.00, '2018-09-27 00:00:00', '2018-09-27 00:00:00', '1', 'api offline payment'),
(317, 1, 2999.00, '2018-09-27 00:00:00', '2018-09-27 00:00:00', '1', 'api offline payment'),
(318, 1, 2999.00, '2018-09-27 00:00:00', '2018-09-27 00:00:00', '1', 'api offline payment'),
(319, 1, 2999.00, '2018-09-27 00:00:00', '2018-09-27 00:00:00', '1', 'api offline payment'),
(320, 1, 2999.00, '2018-09-27 00:00:00', '2018-09-27 00:00:00', '1', 'api offline payment'),
(321, 1, 2999.00, '2018-09-27 00:00:00', '2018-09-27 00:00:00', '1', 'api offline payment'),
(322, 1, 2999.00, '2018-09-27 00:00:00', '2018-09-27 00:00:00', '1', 'api offline payment'),
(323, 1, 2999.00, '2018-09-27 00:00:00', '2018-09-27 00:00:00', '1', 'api offline payment'),
(324, 1, 2999.00, '2018-09-27 00:00:00', '2018-09-27 00:00:00', '1', 'api offline payment'),
(325, 1, 2999.00, '2018-09-27 00:00:00', '2018-09-27 00:00:00', '1', 'api offline payment'),
(326, 1, 2999.00, '2018-09-27 00:00:00', '2018-09-27 00:00:00', '1', 'api offline payment'),
(327, 1, 2999.00, '2018-09-27 00:00:00', '2018-09-27 00:00:00', '1', 'api offline payment'),
(328, 1, 2999.00, '2018-09-27 00:00:00', '2018-09-27 00:00:00', '1', 'api offline payment'),
(329, 1, 2999.00, '2018-09-27 00:00:00', '2018-09-27 00:00:00', '1', 'api offline payment'),
(330, 1, 2999.00, '2018-09-27 00:00:00', '2018-09-27 00:00:00', '1', 'api offline payment'),
(331, 1, 2999.00, '2018-09-27 00:00:00', '2018-09-27 00:00:00', '1', 'api offline payment'),
(332, 1, 2999.00, '2018-09-27 00:00:00', '2018-09-27 00:00:00', '1', 'api offline payment'),
(333, 1, 2999.00, '2018-09-27 00:00:00', '2018-09-27 00:00:00', '1', 'api offline payment'),
(334, 1, 2999.00, '2018-09-27 00:00:00', '2018-09-27 00:00:00', '1', 'api offline payment'),
(335, 1, 2999.00, '2018-09-27 00:00:00', '2018-09-27 00:00:00', '1', 'api offline payment'),
(336, 1, 2999.00, '2018-09-27 00:00:00', '2018-09-27 00:00:00', '1', 'api offline payment'),
(337, 1, 2999.00, '2018-09-27 00:00:00', '2018-09-27 00:00:00', '1', 'api offline payment'),
(338, 1, 2999.00, '2018-09-27 00:00:00', '2018-09-27 00:00:00', '1', 'api offline payment'),
(339, 1, 2999.00, '2018-09-27 00:00:00', '2018-09-27 00:00:00', '1', 'api offline payment'),
(340, 1, 2999.00, '2018-09-27 00:00:00', '2018-09-27 00:00:00', '1', 'api offline payment'),
(341, 1, 2999.00, '2018-09-27 00:00:00', '2018-09-27 00:00:00', '1', 'api offline payment'),
(342, 1, 2999.00, '2018-09-27 00:00:00', '2018-09-27 00:00:00', '1', 'api offline payment'),
(343, 1, 2999.00, '2018-09-27 00:00:00', '2018-09-27 00:00:00', '1', 'api offline payment'),
(344, 1, 2999.00, '2018-09-27 00:00:00', '2018-09-27 00:00:00', '1', 'api offline payment'),
(345, 1, 2999.00, '2018-09-27 00:00:00', '2018-09-27 00:00:00', '1', 'api offline payment'),
(346, 1, 2999.00, '2018-09-27 00:00:00', '2018-09-27 00:00:00', '1', 'api offline payment'),
(347, 1, 2999.00, '2018-09-27 00:00:00', '2018-09-27 00:00:00', '1', 'api offline payment'),
(348, 1, 2999.00, '2018-09-27 00:00:00', '2018-09-27 00:00:00', '1', 'api offline payment'),
(349, 1, 2999.00, '2018-09-27 00:00:00', '2018-09-27 00:00:00', '1', 'api offline payment'),
(350, 1, 2999.00, '2018-09-27 00:00:00', '2018-09-27 00:00:00', '1', 'api offline payment'),
(351, 1, 2999.00, '2018-09-27 00:00:00', '2018-09-27 00:00:00', '1', 'api offline payment'),
(352, 1, 999.00, '2018-09-28 08:58:19', '2018-09-28 08:58:19', '1', 'offline pay'),
(353, 1, 999.00, '2018-09-28 08:58:36', '2018-09-28 08:58:36', '1', 'offline pay'),
(354, 1, 2999.00, '2018-09-28 00:00:00', '2018-09-28 00:00:00', '1', 'api offline payment'),
(355, 1, 198.00, '2018-09-28 09:27:48', '2018-09-28 09:27:48', '1', 'card'),
(356, 1, 99.00, '2018-09-28 09:30:01', '2018-09-28 09:30:01', '1', 'card'),
(357, 1, 999.00, '2018-09-29 00:00:00', '2018-09-29 00:00:00', '1', 'api offline payment'),
(358, 1, 2999.00, '2018-09-29 00:00:00', '2018-09-29 00:00:00', '1', 'api offline payment'),
(359, 1, 2999.00, '2018-09-29 00:00:00', '2018-09-29 00:00:00', '1', 'api offline payment'),
(360, 1, 2999.00, '2018-09-29 00:00:00', '2018-09-29 00:00:00', '1', 'api offline payment'),
(361, 1, 2999.00, '2018-09-29 00:00:00', '2018-09-29 00:00:00', '1', 'api offline payment'),
(362, 1, 2999.00, '2018-09-29 00:00:00', '2018-09-29 00:00:00', '1', 'api offline payment'),
(363, 1, 2999.00, '2018-09-29 00:00:00', '2018-09-29 00:00:00', '1', 'api offline payment'),
(364, 1, 2999.00, '2018-09-29 00:00:00', '2018-09-29 00:00:00', '1', 'api offline payment'),
(365, 1, 2999.00, '2018-09-29 00:00:00', '2018-09-29 00:00:00', '1', 'api offline payment'),
(366, 1, 2999.00, '2018-09-29 00:00:00', '2018-09-29 00:00:00', '1', 'api offline payment'),
(367, 1, 2999.00, '2018-09-29 00:00:00', '2018-09-29 00:00:00', '1', 'api offline payment'),
(368, 1, 2999.00, '2018-09-29 00:00:00', '2018-09-29 00:00:00', '1', 'api offline payment'),
(369, 1, 2999.00, '2018-09-29 00:00:00', '2018-09-29 00:00:00', '1', 'api offline payment'),
(370, 1, 2999.00, '2018-09-29 00:00:00', '2018-09-29 00:00:00', '1', 'api offline payment'),
(371, 1, 2999.00, '2018-09-29 00:00:00', '2018-09-29 00:00:00', '1', 'api offline payment'),
(372, 1, 2999.00, '2018-09-29 00:00:00', '2018-09-29 00:00:00', '1', 'api offline payment'),
(373, 1, 2999.00, '2018-09-29 00:00:00', '2018-09-29 00:00:00', '1', 'api offline payment'),
(374, 1, 2999.00, '2018-09-29 00:00:00', '2018-09-29 00:00:00', '1', 'api offline payment'),
(375, 1, 2999.00, '2018-09-29 00:00:00', '2018-09-29 00:00:00', '1', 'api offline payment'),
(376, 1, 2999.00, '2018-09-29 00:00:00', '2018-09-29 00:00:00', '1', 'api offline payment'),
(377, 1, 2999.00, '2018-09-29 00:00:00', '2018-09-29 00:00:00', '1', 'api offline payment'),
(378, 1, 2999.00, '2018-09-29 00:00:00', '2018-09-29 00:00:00', '1', 'api offline payment'),
(379, 1, 2999.00, '2018-09-29 00:00:00', '2018-09-29 00:00:00', '1', 'api offline payment'),
(380, 1, 2999.00, '2018-09-29 00:00:00', '2018-09-29 00:00:00', '1', 'api offline payment'),
(381, 1, 2999.00, '2018-09-29 00:00:00', '2018-09-29 00:00:00', '1', 'api offline payment'),
(382, 1, 2999.00, '2018-09-29 00:00:00', '2018-09-29 00:00:00', '1', 'api offline payment'),
(383, 1, 2999.00, '2018-09-29 00:00:00', '2018-09-29 00:00:00', '1', 'api offline payment'),
(384, 1, 2999.00, '2018-09-29 00:00:00', '2018-09-29 00:00:00', '1', 'api offline payment'),
(385, 1, 2999.00, '2018-09-29 00:00:00', '2018-09-29 00:00:00', '1', 'api offline payment'),
(386, 1, 2999.00, '2018-09-29 00:00:00', '2018-09-29 00:00:00', '1', 'api offline payment'),
(387, 1, 2999.00, '2018-09-29 00:00:00', '2018-09-29 00:00:00', '1', 'api offline payment'),
(388, 1, 2999.00, '2018-09-29 00:00:00', '2018-09-29 00:00:00', '1', 'api offline payment'),
(389, 1, 2999.00, '2018-09-29 00:00:00', '2018-09-29 00:00:00', '1', 'api offline payment'),
(390, 1, 2999.00, '2018-09-29 00:00:00', '2018-09-29 00:00:00', '1', 'api offline payment'),
(391, 1, 2999.00, '2018-09-29 00:00:00', '2018-09-29 00:00:00', '1', 'api offline payment'),
(392, 1, 2999.00, '2018-09-29 00:00:00', '2018-09-29 00:00:00', '1', 'api offline payment'),
(393, 1, 2999.00, '2018-09-29 00:00:00', '2018-09-29 00:00:00', '1', 'api offline payment'),
(394, 1, 2999.00, '2018-09-29 00:00:00', '2018-09-29 00:00:00', '1', 'api offline payment'),
(395, 1, 2999.00, '2018-09-29 00:00:00', '2018-09-29 00:00:00', '1', 'api offline payment'),
(396, 1, 2999.00, '2018-09-29 00:00:00', '2018-09-29 00:00:00', '1', 'api offline payment'),
(397, 1, 2999.00, '2018-10-02 00:00:00', '2018-10-02 00:00:00', '1', 'api offline payment'),
(398, 1, 2999.00, '2018-10-03 00:00:00', '2018-10-03 00:00:00', '1', 'api offline payment'),
(399, 1, 99.00, '2018-10-03 06:10:24', '2018-10-03 06:10:24', '1', 'offline pay'),
(400, 1, 44985.00, '2018-10-03 07:02:07', '2018-10-03 07:02:07', '1', 'offline pay'),
(401, 1, 2999.00, '2018-10-03 07:06:12', '2018-10-03 07:06:12', '1', 'offline pay'),
(402, 1, 2999.00, '2018-10-03 07:07:42', '2018-10-03 07:07:42', '1', 'offline pay'),
(403, 1, 2999.00, '2018-10-03 07:10:17', '2018-10-03 07:10:17', '1', 'offline pay'),
(404, 1, 2999.00, '2018-10-03 07:11:10', '2018-10-03 07:11:10', '1', 'offline pay'),
(405, 1, 2999.00, '2018-10-03 07:11:54', '2018-10-03 07:11:54', '1', 'offline pay'),
(406, 1, 2999.00, '2018-10-03 07:13:10', '2018-10-03 07:13:10', '1', 'offline pay'),
(407, 1, 999.00, '2018-10-03 07:16:00', '2018-10-03 07:16:00', '1', 'offline pay'),
(408, 1, 999.00, '2018-10-03 07:20:40', '2018-10-03 07:20:40', '1', 'offline pay'),
(409, 1, 399.00, '2018-10-03 07:21:35', '2018-10-03 07:21:35', '1', 'offline pay'),
(410, 1, 399.00, '2018-10-03 07:22:45', '2018-10-03 07:22:45', '1', 'offline pay'),
(411, 1, 399.00, '2018-10-03 07:24:27', '2018-10-03 07:24:27', '1', 'offline pay'),
(412, 1, 399.00, '2018-10-03 07:27:01', '2018-10-03 07:27:01', '1', 'offline pay'),
(413, 1, 399.00, '2018-10-03 07:28:09', '2018-10-03 07:28:09', '1', 'offline pay'),
(414, 1, 399.00, '2018-10-03 07:31:17', '2018-10-03 07:31:17', '1', 'offline pay'),
(415, 1, 399.00, '2018-10-03 07:31:46', '2018-10-03 07:31:46', '1', 'offline pay'),
(416, 1, 399.00, '2018-10-03 07:32:21', '2018-10-03 07:32:21', '1', 'offline pay'),
(417, 1, 399.00, '2018-10-03 07:34:47', '2018-10-03 07:34:47', '1', 'offline pay'),
(418, 1, 399.00, '2018-10-03 07:36:29', '2018-10-03 07:36:29', '1', 'offline pay'),
(419, 1, 399.00, '2018-10-03 07:40:42', '2018-10-03 07:40:42', '1', 'offline pay'),
(420, 1, 999.00, '2018-10-03 07:42:37', '2018-10-03 07:42:37', '1', 'offline pay'),
(421, 1, 999.00, '2018-10-03 07:45:18', '2018-10-03 07:45:18', '1', 'offline pay'),
(422, 1, 999.00, '2018-10-03 07:46:34', '2018-10-03 07:46:34', '1', 'offline pay'),
(423, 1, 999.00, '2018-10-03 08:49:04', '2018-10-03 08:49:04', '1', 'offline pay');

-- --------------------------------------------------------

--
-- Table structure for table `1_order_items`
--

CREATE TABLE `1_order_items` (
  `id` int(20) NOT NULL,
  `order_id` int(20) NOT NULL,
  `product_id` int(11) NOT NULL,
  `quantity` int(5) NOT NULL
) ENGINE=InnoDB DEFAULT CHARSET=utf8 COLLATE=utf8_unicode_ci;

--
-- Dumping data for table `1_order_items`
--

INSERT INTO `1_order_items` (`id`, `order_id`, `product_id`, `quantity`) VALUES
(165, 156, 2, 1),
(166, 157, 2, 1),
(167, 155, 2, 1),
(168, 153, 2, 1),
(169, 154, 2, 1),
(170, 158, 2, 1),
(171, 159, 2, 1),
(172, 160, 2, 1),
(173, 161, 2, 1),
(174, 162, 2, 1),
(175, 163, 2, 1),
(176, 164, 2, 1),
(177, 165, 2, 1),
(178, 166, 2, 1),
(179, 167, 2, 1),
(180, 168, 2, 1),
(181, 169, 2, 1),
(182, 170, 2, 1),
(183, 171, 2, 1),
(184, 172, 2, 1),
(185, 173, 2, 1),
(186, 174, 2, 1),
(187, 175, 2, 1),
(188, 176, 2, 1),
(189, 177, 2, 1),
(190, 178, 2, 1),
(191, 179, 2, 1),
(192, 180, 2, 1),
(193, 181, 2, 1),
(194, 182, 2, 1),
(195, 183, 2, 1),
(196, 184, 2, 1),
(197, 185, 2, 1),
(198, 191, 2, 1),
(199, 192, 2, 1),
(200, 186, 2, 1),
(201, 187, 2, 1),
(202, 188, 2, 1),
(203, 189, 2, 1),
(204, 190, 2, 1),
(205, 194, 2, 1),
(206, 193, 2, 1),
(207, 195, 2, 1),
(208, 196, 2, 1),
(209, 197, 2, 1),
(210, 205, 2, 1),
(211, 204, 2, 1),
(212, 203, 2, 1),
(213, 200, 2, 1),
(214, 201, 2, 1),
(215, 199, 2, 1),
(216, 198, 2, 1),
(217, 202, 2, 1),
(218, 206, 2, 1),
(219, 207, 2, 1),
(220, 208, 2, 1),
(221, 209, 2, 1),
(222, 210, 2, 1),
(223, 211, 2, 1),
(224, 213, 2, 1),
(225, 212, 2, 1),
(226, 215, 2, 1),
(227, 214, 2, 1),
(228, 216, 2, 1),
(229, 217, 2, 1),
(230, 227, 2, 1),
(231, 226, 2, 1),
(232, 228, 2, 1),
(233, 224, 2, 1),
(234, 248, 2, 1),
(235, 245, 2, 1),
(236, 247, 2, 1),
(237, 246, 2, 1),
(238, 244, 2, 1),
(239, 243, 2, 1),
(240, 240, 2, 1),
(241, 239, 2, 1),
(242, 242, 2, 1),
(243, 238, 2, 1),
(244, 236, 2, 1),
(245, 233, 2, 1),
(246, 235, 2, 1),
(247, 232, 2, 1),
(248, 230, 2, 1),
(249, 237, 2, 1),
(250, 241, 2, 1),
(251, 231, 2, 1),
(252, 229, 2, 1),
(253, 225, 2, 1),
(254, 218, 2, 1),
(255, 234, 2, 1),
(256, 222, 2, 1),
(257, 220, 2, 1),
(258, 223, 2, 1),
(259, 219, 2, 1),
(260, 221, 2, 1),
(261, 249, 1, 1),
(262, 250, 2, 1),
(263, 251, 2, 1),
(264, 252, 2, 1),
(265, 253, 2, 1),
(266, 254, 2, 1),
(267, 255, 2, 1),
(268, 256, 2, 1),
(269, 258, 2, 1),
(270, 260, 2, 1),
(271, 259, 2, 1),
(272, 262, 2, 1),
(273, 264, 2, 1),
(274, 263, 2, 1),
(275, 265, 2, 1),
(276, 261, 2, 1),
(277, 274, 2, 1),
(278, 268, 2, 1),
(279, 266, 2, 1),
(280, 277, 2, 1),
(281, 276, 2, 1),
(282, 275, 2, 1),
(283, 257, 2, 1),
(284, 273, 2, 1),
(285, 272, 2, 1),
(286, 270, 2, 1),
(287, 269, 2, 1),
(288, 278, 2, 1),
(289, 267, 2, 1),
(290, 279, 2, 1),
(291, 280, 2, 1),
(292, 281, 2, 1),
(293, 282, 2, 1),
(294, 271, 2, 1),
(295, 283, 2, 1),
(296, 284, 2, 1),
(297, 285, 2, 1),
(298, 286, 2, 1),
(299, 287, 2, 1),
(300, 288, 2, 1),
(301, 289, 2, 1),
(302, 290, 2, 1),
(303, 291, 2, 1),
(304, 292, 2, 1),
(305, 293, 2, 1),
(306, 294, 2, 1),
(307, 295, 2, 1),
(308, 296, 2, 1),
(309, 297, 2, 1),
(310, 298, 2, 1),
(311, 299, 2, 1),
(312, 300, 2, 1),
(313, 301, 2, 1),
(314, 302, 2, 1),
(315, 303, 2, 1),
(316, 304, 2, 1),
(317, 305, 2, 1),
(318, 306, 2, 1),
(319, 307, 2, 1),
(320, 308, 2, 1),
(321, 309, 2, 1),
(322, 310, 2, 1),
(323, 311, 2, 1),
(324, 312, 2, 1),
(325, 314, 2, 1),
(326, 313, 2, 1),
(327, 315, 2, 1),
(328, 316, 2, 1),
(329, 317, 2, 1),
(330, 318, 2, 1),
(331, 319, 2, 1),
(332, 320, 2, 1),
(333, 321, 2, 1),
(334, 322, 2, 1),
(335, 323, 2, 1),
(336, 324, 2, 1),
(337, 325, 2, 1),
(338, 326, 2, 1),
(339, 327, 2, 1),
(340, 328, 2, 1),
(341, 329, 2, 1),
(342, 330, 2, 1),
(343, 331, 2, 1),
(344, 332, 2, 1),
(345, 333, 2, 1),
(346, 334, 2, 1),
(347, 335, 2, 1),
(348, 336, 2, 1),
(349, 337, 2, 1),
(350, 339, 2, 1),
(351, 338, 2, 1),
(352, 340, 2, 1),
(353, 341, 2, 1),
(354, 342, 2, 1),
(355, 343, 2, 1),
(356, 344, 2, 1),
(357, 345, 2, 1),
(358, 346, 2, 1),
(359, 347, 2, 1),
(360, 348, 2, 1),
(361, 349, 2, 1),
(362, 350, 2, 1),
(363, 351, 2, 1),
(364, 352, 1, 1),
(365, 353, 1, 1),
(366, 354, 2, 1),
(367, 355, 6, 2),
(368, 356, 6, 1),
(369, 357, 1, 1),
(370, 358, 2, 1),
(371, 359, 2, 1),
(372, 360, 2, 1),
(373, 361, 2, 1),
(374, 362, 2, 1),
(375, 363, 2, 1),
(376, 364, 2, 1),
(377, 365, 2, 1),
(378, 366, 2, 1),
(379, 367, 2, 1),
(380, 368, 2, 1),
(381, 369, 2, 1),
(382, 370, 2, 1),
(383, 371, 2, 1),
(384, 372, 2, 1),
(385, 373, 2, 1),
(386, 374, 2, 1),
(387, 375, 2, 1),
(388, 376, 2, 1),
(389, 377, 2, 1),
(390, 378, 2, 1),
(391, 379, 2, 1),
(392, 380, 2, 1),
(393, 381, 2, 1),
(394, 382, 2, 1),
(395, 383, 2, 1),
(396, 384, 2, 1),
(397, 385, 2, 1),
(398, 386, 2, 1),
(399, 387, 2, 1),
(400, 388, 2, 1),
(401, 389, 2, 1),
(402, 390, 2, 1),
(403, 391, 2, 1),
(404, 392, 2, 1),
(405, 393, 2, 1),
(406, 394, 2, 1),
(407, 395, 2, 1),
(408, 396, 2, 1),
(409, 397, 2, 1),
(410, 398, 2, 1),
(411, 399, 6, 1),
(412, 400, 2, 15),
(413, 401, 2, 1),
(414, 402, 2, 1),
(415, 403, 2, 1),
(416, 404, 2, 1),
(417, 405, 2, 1),
(418, 406, 2, 1),
(419, 407, 1, 1),
(420, 408, 1, 1),
(421, 409, 3, 1),
(422, 410, 3, 1),
(423, 411, 3, 1),
(424, 412, 3, 1),
(425, 413, 3, 1),
(426, 414, 3, 1),
(427, 415, 3, 1),
(428, 416, 3, 1),
(429, 417, 3, 1),
(430, 418, 3, 1),
(431, 419, 3, 1),
(432, 420, 1, 1),
(433, 421, 1, 1),
(434, 422, 1, 1),
(435, 423, 1, 1);

-- --------------------------------------------------------

--
-- Table structure for table `4_orders`
--

CREATE TABLE `4_orders` (
  `id` int(20) NOT NULL,
  `customer_id` int(11) NOT NULL,
  `total_price` float(10,2) NOT NULL,
  `created` datetime NOT NULL,
  `modified` datetime NOT NULL,
  `status` enum('1','0') COLLATE utf8_unicode_ci NOT NULL DEFAULT '1',
  `paymenttype` varchar(30) COLLATE utf8_unicode_ci NOT NULL
) ENGINE=InnoDB DEFAULT CHARSET=utf8 COLLATE=utf8_unicode_ci;

-- --------------------------------------------------------

--
-- Table structure for table `4_order_items`
--

CREATE TABLE `4_order_items` (
  `id` int(20) NOT NULL,
  `order_id` int(20) NOT NULL,
  `product_id` int(11) NOT NULL,
  `quantity` int(5) NOT NULL
) ENGINE=InnoDB DEFAULT CHARSET=utf8 COLLATE=utf8_unicode_ci;

-- --------------------------------------------------------

--
-- Table structure for table `config`
--

CREATE TABLE `config` (
  `url` varchar(100) NOT NULL
) ENGINE=MyISAM DEFAULT CHARSET=latin1;

--
-- Dumping data for table `config`
--

INSERT INTO `config` (`url`) VALUES
('http://localhost/shoppingcart/');

-- --------------------------------------------------------

--
-- Table structure for table `customers`
--

CREATE TABLE `customers` (
  `id` int(11) NOT NULL,
  `name` varchar(100) COLLATE utf8_unicode_ci NOT NULL,
  `lastname` varchar(100) COLLATE utf8_unicode_ci NOT NULL,
  `email` varchar(100) COLLATE utf8_unicode_ci NOT NULL,
  `password` varchar(100) COLLATE utf8_unicode_ci NOT NULL,
  `phone` varchar(15) COLLATE utf8_unicode_ci NOT NULL,
  `address` text COLLATE utf8_unicode_ci NOT NULL,
  `created` datetime NOT NULL DEFAULT CURRENT_TIMESTAMP,
  `modified` datetime NOT NULL DEFAULT CURRENT_TIMESTAMP,
  `status` enum('1','0') COLLATE utf8_unicode_ci NOT NULL DEFAULT '1',
  `virtualserviceurl` varchar(500) COLLATE utf8_unicode_ci NOT NULL,
  `inuseservice` int(1) NOT NULL
) ENGINE=InnoDB DEFAULT CHARSET=utf8 COLLATE=utf8_unicode_ci;

--
-- Dumping data for table `customers`
--

INSERT INTO `customers` (`id`, `name`, `lastname`, `email`, `password`, `phone`, `address`, `created`, `modified`, `status`, `virtualserviceurl`, `inuseservice`) VALUES
(1, 'Sanketh', 'Shanbhag', 'sanketh.shanbhag@smartbear.com', 'India@123', '+91-9482517924', 'India', '2018-06-02 15:00:19', '2018-06-02 15:00:19', '1', 'http://localhost:8081/shoppingcart/service_creditcard.php', 1),
(4, 'Admin', 'Admin', 'se@smartbear.com', 'smartbear', '+91-9482517924', 'India', '2018-06-07 12:35:37', '2018-06-07 12:35:37', '1', '', 1);

-- --------------------------------------------------------

--
-- Table structure for table `orders`
--

CREATE TABLE `orders` (
  `id` int(20) NOT NULL,
  `customer_id` int(11) NOT NULL,
  `total_price` float(10,2) NOT NULL,
  `created` datetime NOT NULL,
  `modified` datetime NOT NULL,
  `status` enum('1','0') COLLATE utf8_unicode_ci NOT NULL DEFAULT '1',
  `paymenttype` varchar(30) COLLATE utf8_unicode_ci NOT NULL
) ENGINE=InnoDB DEFAULT CHARSET=utf8 COLLATE=utf8_unicode_ci;

-- --------------------------------------------------------

--
-- Table structure for table `order_items`
--

CREATE TABLE `order_items` (
  `id` int(20) NOT NULL,
  `order_id` int(20) NOT NULL,
  `product_id` int(11) NOT NULL,
  `quantity` int(5) NOT NULL
) ENGINE=InnoDB DEFAULT CHARSET=utf8 COLLATE=utf8_unicode_ci;

-- --------------------------------------------------------

--
-- Table structure for table `products`
--

CREATE TABLE `products` (
  `id` int(11) NOT NULL,
  `name` varchar(200) COLLATE utf8_unicode_ci NOT NULL,
  `description` text COLLATE utf8_unicode_ci NOT NULL,
  `image` varchar(100) COLLATE utf8_unicode_ci NOT NULL,
  `price` float(10,2) NOT NULL,
  `created` datetime NOT NULL,
  `modified` datetime NOT NULL,
  `status` enum('1','0') COLLATE utf8_unicode_ci NOT NULL DEFAULT '1'
) ENGINE=InnoDB DEFAULT CHARSET=utf8 COLLATE=utf8_unicode_ci;

--
-- Dumping data for table `products`
--

INSERT INTO `products` (`id`, `name`, `description`, `image`, `price`, `created`, `modified`, `status`) VALUES
(1, 'iPhone', 'This is an rare iphone', 'iphone.jpg', 999.00, '2018-05-05 00:00:00', '2018-05-05 00:00:00', '1'),
(2, 'Macbook Pro', 'This is a rare Macbook pro', 'mac.png', 2999.00, '2018-05-01 00:00:00', '2018-05-01 00:00:00', '1'),
(3, 'UE Bluetooth headphones', 'Awesome Headphones from UE.', 'ue.jpg', 399.00, '2018-05-01 00:00:00', '2018-05-01 00:00:00', '1'),
(4, 'Full HD TV', 'An amazing full HD 1080 TV', 'tv.jpg', 599.00, '2018-05-01 00:00:00', '2018-05-01 00:00:00', '1'),
(5, 'Xbox', 'An awesome XBOX for you', 'xbox.jpg', 599.00, '2018-05-01 00:00:00', '2018-05-01 00:00:00', '1'),
(6, 'BD Player', 'BluRay & DVD Player for you. ', 'bd.jpg', 99.00, '2018-05-01 00:00:00', '2018-05-01 00:00:00', '1');

--
-- Indexes for dumped tables
--

--
-- Indexes for table `1_orders`
--
ALTER TABLE `1_orders`
  ADD PRIMARY KEY (`id`),
  ADD KEY `customer_id` (`customer_id`);

--
-- Indexes for table `1_order_items`
--
ALTER TABLE `1_order_items`
  ADD PRIMARY KEY (`id`),
  ADD KEY `order_id` (`order_id`);

--
-- Indexes for table `4_orders`
--
ALTER TABLE `4_orders`
  ADD PRIMARY KEY (`id`),
  ADD KEY `customer_id` (`customer_id`);

--
-- Indexes for table `4_order_items`
--
ALTER TABLE `4_order_items`
  ADD PRIMARY KEY (`id`),
  ADD KEY `order_id` (`order_id`);

--
-- Indexes for table `customers`
--
ALTER TABLE `customers`
  ADD PRIMARY KEY (`id`),
  ADD UNIQUE KEY `email` (`email`);

--
-- Indexes for table `orders`
--
ALTER TABLE `orders`
  ADD PRIMARY KEY (`id`),
  ADD KEY `customer_id` (`customer_id`);

--
-- Indexes for table `order_items`
--
ALTER TABLE `order_items`
  ADD PRIMARY KEY (`id`),
  ADD KEY `order_id` (`order_id`);

--
-- Indexes for table `products`
--
ALTER TABLE `products`
  ADD PRIMARY KEY (`id`);

--
-- AUTO_INCREMENT for dumped tables
--

--
-- AUTO_INCREMENT for table `1_orders`
--
ALTER TABLE `1_orders`
  MODIFY `id` int(20) NOT NULL AUTO_INCREMENT, AUTO_INCREMENT=424;
--
-- AUTO_INCREMENT for table `1_order_items`
--
ALTER TABLE `1_order_items`
  MODIFY `id` int(20) NOT NULL AUTO_INCREMENT, AUTO_INCREMENT=436;
--
-- AUTO_INCREMENT for table `4_orders`
--
ALTER TABLE `4_orders`
  MODIFY `id` int(20) NOT NULL AUTO_INCREMENT;
--
-- AUTO_INCREMENT for table `4_order_items`
--
ALTER TABLE `4_order_items`
  MODIFY `id` int(20) NOT NULL AUTO_INCREMENT;
--
-- AUTO_INCREMENT for table `customers`
--
ALTER TABLE `customers`
  MODIFY `id` int(11) NOT NULL AUTO_INCREMENT, AUTO_INCREMENT=5;
--
-- AUTO_INCREMENT for table `orders`
--
ALTER TABLE `orders`
  MODIFY `id` int(20) NOT NULL AUTO_INCREMENT;
--
-- AUTO_INCREMENT for table `order_items`
--
ALTER TABLE `order_items`
  MODIFY `id` int(20) NOT NULL AUTO_INCREMENT;
--
-- AUTO_INCREMENT for table `products`
--
ALTER TABLE `products`
  MODIFY `id` int(11) NOT NULL AUTO_INCREMENT, AUTO_INCREMENT=7;
--
-- Constraints for dumped tables
--

--
-- Constraints for table `1_orders`
--
ALTER TABLE `1_orders`
  ADD CONSTRAINT `1_orders_ibfk_1` FOREIGN KEY (`customer_id`) REFERENCES `customers` (`id`) ON DELETE CASCADE ON UPDATE NO ACTION;

--
-- Constraints for table `1_order_items`
--
ALTER TABLE `1_order_items`
  ADD CONSTRAINT `1_order_items_ibfk_1` FOREIGN KEY (`order_id`) REFERENCES `1_orders` (`id`) ON DELETE CASCADE ON UPDATE NO ACTION;

--
-- Constraints for table `4_orders`
--
ALTER TABLE `4_orders`
  ADD CONSTRAINT `4_orders_ibfk_1` FOREIGN KEY (`customer_id`) REFERENCES `customers` (`id`) ON DELETE CASCADE ON UPDATE NO ACTION;

--
-- Constraints for table `4_order_items`
--
ALTER TABLE `4_order_items`
  ADD CONSTRAINT `4_order_items_ibfk_1` FOREIGN KEY (`order_id`) REFERENCES `4_orders` (`id`) ON DELETE CASCADE ON UPDATE NO ACTION;

--
-- Constraints for table `orders`
--
ALTER TABLE `orders`
  ADD CONSTRAINT `orders_ibfk_1` FOREIGN KEY (`customer_id`) REFERENCES `customers` (`id`) ON DELETE CASCADE ON UPDATE NO ACTION;

--
-- Constraints for table `order_items`
--
ALTER TABLE `order_items`
  ADD CONSTRAINT `order_items_ibfk_1` FOREIGN KEY (`order_id`) REFERENCES `orders` (`id`) ON DELETE CASCADE ON UPDATE NO ACTION;

/*!40101 SET CHARACTER_SET_CLIENT=@OLD_CHARACTER_SET_CLIENT */;
/*!40101 SET CHARACTER_SET_RESULTS=@OLD_CHARACTER_SET_RESULTS */;
/*!40101 SET COLLATION_CONNECTION=@OLD_COLLATION_CONNECTION */;
